"DESCRIPTION","DURATION IN MS","NAME","PARENT SUITE","START TIME","STATUS","STOP TIME","SUB SUITE","SUITE","TEST CLASS","TEST METHOD"
"","0","Critical vector scores higher than low vector","tests","2026-05-08","passed","2026-05-08","TestSeverityToDefaultVector","test_cvss","",""
"","14","Bulk update response includes previous_status for each updated item","tests","2026-05-08","passed","2026-05-08","","test_vulnerabilities_api","",""
"","1","HIGH findings are due in 30 days","tests","2026-05-08","passed","2026-05-08","TestDueDateFor","test_sla","",""
"","0","JWT creation and decoding round-trip","tests","2026-05-08","passed","2026-05-08","","test_auth","",""
"","9","Empty ids list returns 400 or 422","tests","2026-05-08","passed","2026-05-08","","test_vulnerabilities_api","",""
"","1","Different byte content produces different signatures","tests","2026-05-08","passed","2026-05-08","TestSignPdf","test_report_signer","",""
"","0","Asset value multipliers are monotonically increasing: LOW < MEDIUM < HIGH < CRITICAL","tests","2026-05-08","passed","2026-05-08","","test_risk_engine","",""
"","2","encrypt_json returns a non-plaintext string","tests","2026-05-08","passed","2026-05-08","TestCryptoWithKey","test_crypto","",""
"","0","PII data sensitivity raises confidentiality impact","tests","2026-05-08","passed","2026-05-08","TestEnvironmentalScore","test_cvss","",""
"","18","Admin can disable another user account","tests","2026-05-08","passed","2026-05-08","","test_rbac","",""
"","17","Analyst role can access findings list","tests","2026-05-08","passed","2026-05-08","","test_findings_api","",""
"","0","High CVSS score (>=9.0) is called out in narrative","tests","2026-05-08","passed","2026-05-08","TestExplain","test_scoring_explainer","",""
"","0","Same bytes and key produce identical signature","tests","2026-05-08","passed","2026-05-08","TestSignPdf","test_report_signer","",""
"","18","Same vulnerability on rescan does not create a duplicate finding","tests","2026-05-08","passed","2026-05-08","TestDeduplicateScan","test_finding_dedup","",""
"","1047","After password change, login succeeds with new password","tests","2026-05-08","passed","2026-05-08","","test_auth_flow","",""
"","0","sqli- template prefix produces tags","tests","2026-05-08","passed","2026-05-08","TestTemplateIdPrefix","test_framework_tagger","",""
"","205","PDF download returns application/pdf content","tests","2026-05-08","passed","2026-05-08","","test_reports_api","",""
"","0","CRITICAL findings are due in 7 days","tests","2026-05-08","passed","2026-05-08","TestDueDateFor","test_sla","",""
"","9","Update non-existent target returns 404","tests","2026-05-08","passed","2026-05-08","","test_targets_api","",""
"","1","Known severity levels return valid CVSS 3.1 vectors","tests","2026-05-08","passed","2026-05-08","TestSeverityToDefaultVector","test_cvss","",""
"","13","Admin role can access stable dashboard routes","tests","2026-05-08","passed","2026-05-08","","test_dashboard_api","",""
"","19","Filter by non-existent scan_id returns empty list","tests","2026-05-08","passed","2026-05-08","","test_findings_api","",""
"","0","All test vectors produce scores in valid 0.0–10.0 range","tests","2026-05-08","passed","2026-05-08","TestBaseScore","test_cvss","",""
"","1","Explicit allowlist overrides base_url","tests","2026-05-08","passed","2026-05-08","TestScopeGuardConstruction","test_scope_guard","",""
"","1","Same inputs always produce the same fingerprint","tests","2026-05-08","passed","2026-05-08","TestFingerprint","test_finding_dedup","",""
"","9","Auth credentials are masked in the create response","tests","2026-05-08","passed","2026-05-08","","test_targets_api","",""
"","0","Description is used when no template_id is provided","tests","2026-05-08","passed","2026-05-08","TestFingerprint","test_finding_dedup","",""
"","554","Same password produces different hashes due to bcrypt salt","tests","2026-05-08","passed","2026-05-08","TestPasswordHashing","test_security_core","",""
"","0","String 'critical' resolves to 7-day window","tests","2026-05-08","passed","2026-05-08","TestDueDateFor","test_sla","",""
"","0","IP address outside CIDR range is blocked","tests","2026-05-08","passed","2026-05-08","TestCIDRScope","test_scope_guard","",""
"","0","Garbage string raises JWTError","tests","2026-05-08","passed","2026-05-08","TestJWT","test_security_core","",""
"","1","Empty string returns empty string","tests","2026-05-08","passed","2026-05-08","TestNormaliseUrl","test_finding_dedup","",""
"Alert without ip/timestamp must still yield an enriched record.","2","test_alert_correlator_handles_missing_fields","tests","2026-05-08","passed","2026-05-08","","test_siem_integration","",""
"","1","decrypt_json(None) returns None in plaintext mode","tests","2026-05-08","passed","2026-05-08","TestCryptoPlaintextFallback","test_crypto","",""
"","11","Actions endpoint returns a list or dict","tests","2026-05-08","passed","2026-05-08","","test_dashboard_api","",""
"","8","All dashboard routes reject unauthenticated requests","tests","2026-05-08","passed","2026-05-08","","test_dashboard_api","",""
"","971","Empty string password can be hashed and verified","tests","2026-05-08","passed","2026-05-08","TestPasswordHashing","test_security_core","",""
"","0","Unknown severity string defaults to 180-day window","tests","2026-05-08","passed","2026-05-08","TestDueDateFor","test_sla","",""
"","0","environmental_score does not mutate the input dict","tests","2026-05-08","passed","2026-05-08","TestEnvironmentalScore","test_cvss","",""
"","0","encrypt_json(None) returns None","tests","2026-05-08","passed","2026-05-08","TestCryptoWithKey","test_crypto","",""
"","1","explain() band thresholds match expected labels","tests","2026-05-08","passed","2026-05-08","","test_risk_engine","",""
"","0","None factors argument is handled without error","tests","2026-05-08","passed","2026-05-08","TestExplain","test_scoring_explainer","",""
"","1","test_intelligence_agent_imports","tests","2026-05-08","passed","2026-05-08","","test_agents","",""
"","0","base_score accepts a pre-parsed dict as input","tests","2026-05-08","passed","2026-05-08","TestBaseScore","test_cvss","",""
"","0","Band thresholds map scores to correct severity labels","tests","2026-05-08","passed","2026-05-08","TestBand","test_scoring_explainer","",""
"","1","Deep nested subdomain is in scope","tests","2026-05-08","passed","2026-05-08","TestIsInScope","test_scope_guard","",""
"","15","Analyst role can access the audit verify endpoint","tests","2026-05-08","passed","2026-05-08","","test_audit_api","",""
"","0","explain() returns a string","tests","2026-05-08","passed","2026-05-08","TestExplain","test_scoring_explainer","",""
"","13","Download PDF for unknown report returns 404","tests","2026-05-08","passed","2026-05-08","","test_reports_api","",""
"","1","Zero severity counts are not mentioned in narrative","tests","2026-05-08","passed","2026-05-08","TestExplain","test_scoring_explainer","",""
"","13","GET /auth/me returns current user's email and role","tests","2026-05-08","passed","2026-05-08","","test_endpoints","",""
"","19","Providing framework without control returns 400","tests","2026-05-08","passed","2026-05-08","","test_findings_api","",""
"","8","Protected routes reject unauthenticated requests with 401 or 403","tests","2026-05-08","passed","2026-05-08","","test_endpoints","",""
"Verify severity → score deduction mapping.","1","test_severity_weights","tests","2026-05-08","passed","2026-05-08","","test_risk_engine_manual","",""
"","0","Custom expiry delta is reflected in token","tests","2026-05-08","passed","2026-05-08","TestJWT","test_security_core","",""
"","1","test_alert_correlator_imports","tests","2026-05-08","passed","2026-05-08","","test_siem_integration","",""
"Network failure must not raise — caller depends on a None return.","58","test_wazuh_get_token_returns_none_on_network_error","tests","2026-05-08","passed","2026-05-08","","test_siem_integration","",""
"","11","limit parameter restricts the number of vulnerabilities returned","tests","2026-05-08","passed","2026-05-08","","test_vulnerabilities_api","",""
"","1","Every high-risk port entry has a name and a positive weight","tests","2026-05-08","passed","2026-05-08","","test_risk_engine","",""
"","525","hash_password returns a non-empty string","tests","2026-05-08","passed","2026-05-08","TestPasswordHashing","test_security_core","",""
"","0","Alias resolves to the same tags as its canonical form","tests","2026-05-08","passed","2026-05-08","TestAliasNormalisation","test_framework_tagger","",""
"","0","test_validation_result_dataclass_fields","tests","2026-05-08","passed","2026-05-08","","test_agents","",""
"Verify Report API properly calls Mock/Real advisor","0","test_report_generation","tests","2026-05-08","skipped","2026-05-08","","test_e2e_scans","",""
"","0","Each call returns an independent copy of the result dict","tests","2026-05-08","passed","2026-05-08","TestReturnTypeGuarantees","test_framework_tagger","",""
"","1","Both http and https for same host are in scope","tests","2026-05-08","passed","2026-05-08","TestIsInScope","test_scope_guard","",""
"","21","Admin role can access stable dashboard routes","tests","2026-05-08","passed","2026-05-08","","test_dashboard_api","",""
"","1","Expired JWT token is rejected","tests","2026-05-08","passed","2026-05-08","","test_auth","",""
"","0","Fragment is stripped from URL","tests","2026-05-08","passed","2026-05-08","TestNormaliseUrl","test_finding_dedup","",""
"","1","Tampered PDF content fails verification","tests","2026-05-08","passed","2026-05-08","TestVerifySignature","test_report_signer","",""
"","14","Analyst cannot list users (403)","tests","2026-05-08","passed","2026-05-08","","test_rbac","",""
"","1","Description is truncated to 64 characters for fingerprinting","tests","2026-05-08","passed","2026-05-08","TestFingerprint","test_finding_dedup","",""
"","4","Empty scan returns zero new findings","tests","2026-05-08","passed","2026-05-08","TestDeduplicateScan","test_finding_dedup","",""
"","0","Zero score with no factors still produces a sentence","tests","2026-05-08","passed","2026-05-08","TestExplain","test_scoring_explainer","",""
"","1","encrypt/decrypt round-trip preserves simple dict","tests","2026-05-08","passed","2026-05-08","TestCryptoWithKey","test_crypto","",""
"","0","Garbage hash string returns False on verify","tests","2026-05-08","passed","2026-05-08","TestPasswordHashing","test_security_core","",""
"","11","Viewer cannot perform bulk update (403)","tests","2026-05-08","passed","2026-05-08","","test_vulnerabilities_api","",""
"","866","Unicode password can be hashed and verified","tests","2026-05-08","passed","2026-05-08","TestPasswordHashing","test_security_core","",""
"","0","Single finding produces a valid hash","tests","2026-05-08","passed","2026-05-08","TestCanonicalFindingsHash","test_report_signer","",""
"","1","Band thresholds map scores to correct severity labels","tests","2026-05-08","passed","2026-05-08","TestBand","test_scoring_explainer","",""
"","0","Tampered token raises JWTError","tests","2026-05-08","passed","2026-05-08","TestJWT","test_security_core","",""
"","18","Viewer role can access findings list","tests","2026-05-08","passed","2026-05-08","","test_findings_api","",""
"","0","test_wazuh_integration_uses_settings","tests","2026-05-08","passed","2026-05-08","","test_siem_integration","",""
"","8","Public config endpoint is accessible or returns expected auth response","tests","2026-05-08","passed","2026-05-08","","test_endpoints","",""
"","2","Finding with future due_date is not actioned","tests","2026-05-08","passed","2026-05-08","TestCheckAndActionBreaches","test_sla","",""
"","5","test_broadcast_event_prunes_dead_clients","tests","2026-05-08","passed","2026-05-08","","test_websocket","",""
"","0","explain() returns a non-empty CRITICAL narrative for critical findings","tests","2026-05-08","passed","2026-05-08","","test_risk_engine","",""
"","15","Viewer role can access stable dashboard routes","tests","2026-05-08","passed","2026-05-08","","test_dashboard_api","",""
"","14","Duplicate email is rejected with 409","tests","2026-05-08","passed","2026-05-08","","test_rbac","",""
"","0","Alias resolves to the same tags as its canonical form","tests","2026-05-08","passed","2026-05-08","TestAliasNormalisation","test_framework_tagger","",""
"","0","Different target IDs produce different fingerprints","tests","2026-05-08","passed","2026-05-08","TestFingerprint","test_finding_dedup","",""
"","8","Root endpoint is accessible without authentication","tests","2026-05-08","passed","2026-05-08","","test_endpoints","",""
"","0","Known severity levels return valid CVSS 3.1 vectors","tests","2026-05-08","passed","2026-05-08","TestSeverityToDefaultVector","test_cvss","",""
"","0","Fingerprint matches expected SHA-256 for known input","tests","2026-05-08","passed","2026-05-08","TestFingerprint","test_finding_dedup","",""
"","0","Query string is stripped from URL","tests","2026-05-08","passed","2026-05-08","TestNormaliseUrl","test_finding_dedup","",""
"","13","Exposure trend returns valid response or known Python 3.13 bug","tests","2026-05-08","passed","2026-05-08","","test_dashboard_api","",""
"","33","Legacy GET /{scan_id} returns ai_analysis field","tests","2026-05-08","passed","2026-05-08","","test_reports_api","",""
"","8","get report meta requires authentication","tests","2026-05-08","passed","2026-05-08","","test_reports_api","",""
"","23","Unknown framework name returns 400","tests","2026-05-08","passed","2026-05-08","","test_findings_api","",""
"","1","Band thresholds map scores to correct severity labels","tests","2026-05-08","passed","2026-05-08","TestBand","test_scoring_explainer","",""
"","1","ssrf- template prefix produces tags","tests","2026-05-08","passed","2026-05-08","TestTemplateIdPrefix","test_framework_tagger","",""
"","1","Without a key, encrypt_json stores plaintext JSON","tests","2026-05-08","passed","2026-05-08","TestCryptoPlaintextFallback","test_crypto","",""
"","7","All dashboard routes reject unauthenticated requests","tests","2026-05-08","passed","2026-05-08","","test_dashboard_api","",""
"","1","Hash is a 64-character lowercase hex string","tests","2026-05-08","passed","2026-05-08","TestCanonicalFindingsHash","test_report_signer","",""
"","0","SQL injection variants are recognised and tagged","tests","2026-05-08","passed","2026-05-08","TestKnownVulnerabilityTypes","test_framework_tagger","",""
"","12","Tampered hash chain returns valid=False with broken_at set","tests","2026-05-08","passed","2026-05-08","","test_audit_api","",""
"","18","Viewer cannot delete a target (403)","tests","2026-05-08","passed","2026-05-08","","test_targets_api","",""
"","0","Severity weights are ordered: CRITICAL > HIGH > MEDIUM > LOW > INFO","tests","2026-05-08","passed","2026-05-08","","test_risk_engine","",""
"","9","GET /auth/me rejects a garbage token","tests","2026-05-08","passed","2026-05-08","","test_endpoints","",""
"","0","Scheme, host, and path are preserved after normalisation","tests","2026-05-08","passed","2026-05-08","TestNormaliseUrl","test_finding_dedup","",""
"","0","Empty string raises JWTError","tests","2026-05-08","passed","2026-05-08","TestJWT","test_security_core","",""
"","1","SQL injection variants are recognised and tagged","tests","2026-05-08","passed","2026-05-08","TestKnownVulnerabilityTypes","test_framework_tagger","",""
"","0","All-None inputs return empty dict","tests","2026-05-08","passed","2026-05-08","TestUnknownInputs","test_framework_tagger","",""
"","1","Band thresholds map scores to correct severity labels","tests","2026-05-08","passed","2026-05-08","TestBand","test_scoring_explainer","",""
"","1","ScopeViolation is a subclass of Exception","tests","2026-05-08","passed","2026-05-08","TestAssertInScope","test_scope_guard","",""
"","1","Known high-risk port (Telnet/23) is mentioned in narrative","tests","2026-05-08","passed","2026-05-08","TestExplain","test_scoring_explainer","",""
"","361","Wrong current password is rejected during password change","tests","2026-05-08","passed","2026-05-08","","test_auth_flow","",""
"","4","List vulnerabilities requires authentication","tests","2026-05-08","passed","2026-05-08","","test_vulnerabilities_api","",""
"","0","Network access vector scores higher than physical access","tests","2026-05-08","passed","2026-05-08","TestBaseScore","test_cvss","",""
"","0","test_celery_broker_url_uses_redis_setting","tests","2026-05-08","passed","2026-05-08","","test_scan_tasks","",""
"","2","test_broadcast_event_envelope_shape","tests","2026-05-08","passed","2026-05-08","","test_websocket","",""
"","276","Health endpoint returns ok/degraded/healthy status","tests","2026-05-08","passed","2026-05-08","","test_endpoints","",""
"","1","explain() handles zero findings gracefully","tests","2026-05-08","passed","2026-05-08","","test_risk_engine","",""
"","8","commit() is always called after reaping","tests","2026-05-08","passed","2026-05-08","","test_scan_reaper","",""
"","1","Vuln type is normalised to lowercase for fingerprinting","tests","2026-05-08","passed","2026-05-08","TestFingerprint","test_finding_dedup","",""
"Same inputs → same fingerprint hash; different inputs → different hash.","1","test_finding_dedup_fingerprint_is_deterministic","tests","2026-05-08","passed","2026-05-08","","test_agents","",""
"","1","Critical severity count is mentioned in narrative","tests","2026-05-08","passed","2026-05-08","TestExplain","test_scoring_explainer","",""
"","726","Wrong password fails verification","tests","2026-05-08","passed","2026-05-08","TestPasswordHashing","test_security_core","",""
"","29","Findings list returns paginated envelope with items and total","tests","2026-05-08","passed","2026-05-08","","test_findings_api","",""
"","0","Expired token raises JWTError","tests","2026-05-08","passed","2026-05-08","TestJWT","test_security_core","",""
"","10","Generate report for unknown scan returns 404","tests","2026-05-08","passed","2026-05-08","","test_reports_api","",""
"","1","Explicit category parameter overrides template_id and vuln_type","tests","2026-05-08","passed","2026-05-08","TestCategoryOverride","test_framework_tagger","",""
"","0","explain() band thresholds match expected labels","tests","2026-05-08","passed","2026-05-08","","test_risk_engine","",""
"","1","Explicit allowlist is used when provided","tests","2026-05-08","passed","2026-05-08","TestScopeGuardConstruction","test_scope_guard","",""
"","8","All dashboard routes reject unauthenticated requests","tests","2026-05-08","passed","2026-05-08","","test_dashboard_api","",""
"Verify asset criticality multipliers.","1","test_asset_value_multipliers","tests","2026-05-08","passed","2026-05-08","","test_risk_engine_manual","",""
"","17","Dashboard KPI snapshot returns 200 or 422","tests","2026-05-08","passed","2026-05-08","","test_endpoints","",""
"","1","Unknown template_id returns empty dict","tests","2026-05-08","passed","2026-05-08","TestUnknownInputs","test_framework_tagger","",""
"","413","Admin can create a new user","tests","2026-05-08","passed","2026-05-08","","test_rbac","",""
"","0","tag_finding never raises an exception for any input","tests","2026-05-08","passed","2026-05-08","TestReturnTypeGuarantees","test_framework_tagger","",""
"","9","Authenticated analyst can list targets","tests","2026-05-08","passed","2026-05-08","","test_targets_api","",""
"","6","Overdue OPEN finding creates at least one action item","tests","2026-05-08","passed","2026-05-08","TestCheckAndActionBreaches","test_sla","",""
"","0","Alias resolves to the same tags as its canonical form","tests","2026-05-08","passed","2026-05-08","TestAliasNormalisation","test_framework_tagger","",""
"","0","Garbage signature string returns False","tests","2026-05-08","passed","2026-05-08","TestVerifySignature","test_report_signer","",""
"","21","Admin can list all users","tests","2026-05-08","passed","2026-05-08","","test_rbac","",""
"","20","Providing control without framework returns 400","tests","2026-05-08","passed","2026-05-08","","test_findings_api","",""
"","22","Viewer cannot list users (403)","tests","2026-05-08","passed","2026-05-08","","test_rbac","",""
"","26","Filter by framework and control returns matching findings","tests","2026-05-08","passed","2026-05-08","","test_findings_api","",""
"","329","Admin login returns access token with correct role","tests","2026-05-08","passed","2026-05-08","","test_auth_flow","",""
"","9","Login with unknown email returns 401","tests","2026-05-08","passed","2026-05-08","","test_auth_flow","",""
"","9","Get non-existent target returns 404","tests","2026-05-08","passed","2026-05-08","","test_targets_api","",""
"","0","Known severity levels return valid CVSS 3.1 vectors","tests","2026-05-08","passed","2026-05-08","TestSeverityToDefaultVector","test_cvss","",""
"","12","Analyst role can access stable dashboard routes","tests","2026-05-08","passed","2026-05-08","","test_dashboard_api","",""
"","0","Without a key, decrypt_json reads plaintext JSON","tests","2026-05-08","passed","2026-05-08","TestCryptoPlaintextFallback","test_crypto","",""
"","2","Signature created with different key fails verification","tests","2026-05-08","passed","2026-05-08","TestVerifySignature","test_report_signer","",""
"","0","Narrative contains the risk band label","tests","2026-05-08","passed","2026-05-08","TestExplain","test_scoring_explainer","",""
"Correlator must always echo the input shape, adding `matched_vulnerability_ids`.","2","test_alert_correlator_returns_alerts_with_match_field","tests","2026-05-08","passed","2026-05-08","","test_siem_integration","",""
"","0","Partial hostname match is not allowed","tests","2026-05-08","passed","2026-05-08","TestIsInScope","test_scope_guard","",""
"","8","Protected routes reject unauthenticated requests with 401 or 403","tests","2026-05-08","passed","2026-05-08","","test_endpoints","",""
"","1","Hostname is derived from base_url when no allowlist given","tests","2026-05-08","passed","2026-05-08","TestScopeGuardConstruction","test_scope_guard","",""
"","0","Short-form vector without prefix is parsed correctly","tests","2026-05-08","passed","2026-05-08","TestParseVector","test_cvss","",""
"","11","Empty audit log is considered a valid chain","tests","2026-05-08","passed","2026-05-08","","test_audit_api","",""
"","11","Missing both status and remediation returns 400","tests","2026-05-08","passed","2026-05-08","","test_vulnerabilities_api","",""
"","18","Summary endpoint returns a dict object","tests","2026-05-08","passed","2026-05-08","","test_dashboard_api","",""
"","0","Critical asset criticality is mentioned in narrative","tests","2026-05-08","passed","2026-05-08","TestExplain","test_scoring_explainer","",""
"","9","List targets returns a list","tests","2026-05-08","passed","2026-05-08","","test_targets_api","",""
"","0","Known severity levels return valid CVSS 3.1 vectors","tests","2026-05-08","passed","2026-05-08","TestSeverityToDefaultVector","test_cvss","",""
"","0","tag_finding always returns a dict for any input combination","tests","2026-05-08","passed","2026-05-08","TestReturnTypeGuarantees","test_framework_tagger","",""
"","21","Admin cannot demote themselves","tests","2026-05-08","passed","2026-05-08","","test_rbac","",""
"","1","explain() band thresholds match expected labels","tests","2026-05-08","passed","2026-05-08","","test_risk_engine","",""
"","0","Same findings produce identical hash","tests","2026-05-08","passed","2026-05-08","TestCanonicalFindingsHash","test_report_signer","",""
"","0","Ciphertext differs on each encryption call (random IV)","tests","2026-05-08","passed","2026-05-08","TestCryptoWithKey","test_crypto","",""
"","4","Custom stale_after_minutes parameter is accepted","tests","2026-05-08","passed","2026-05-08","","test_scan_reaper","",""
"","1","test_scan_tasks_module_imports","tests","2026-05-08","passed","2026-05-08","","test_scan_tasks","",""
"","0","Empty string input handled via caller convention","tests","2026-05-08","passed","2026-05-08","TestNormaliseUrl","test_finding_dedup","",""
"","0","Alias resolves to the same tags as its canonical form","tests","2026-05-08","passed","2026-05-08","TestAliasNormalisation","test_framework_tagger","",""
"","0","encrypt/decrypt round-trip preserves nested dict","tests","2026-05-08","passed","2026-05-08","TestCryptoWithKey","test_crypto","",""
"","1","Valid signature verifies to True","tests","2026-05-08","passed","2026-05-08","TestVerifySignature","test_report_signer","",""
"Ensure API is running and scans endpoint is reachable","0","test_api_health","tests","2026-05-08","skipped","2026-05-08","","test_e2e_scans","",""
"","1","Empty findings list produces a valid hash","tests","2026-05-08","passed","2026-05-08","TestCanonicalFindingsHash","test_report_signer","",""
"","0","explain() band thresholds match expected labels","tests","2026-05-08","passed","2026-05-08","","test_risk_engine","",""
"","183","Verify report returns valid flag and findings_hash","tests","2026-05-08","passed","2026-05-08","","test_reports_api","",""
"Wait for scan to complete and verify assets created in DB","0","test_scan_completion_and_assets","tests","2026-05-08","skipped","2026-05-08","","test_e2e_scans","",""
"","0","URL fragment differences are ignored in fingerprint","tests","2026-05-08","passed","2026-05-08","TestFingerprint","test_finding_dedup","",""
"","16","generate report requires authentication","tests","2026-05-08","passed","2026-05-08","","test_reports_api","",""
"","44","Unauthenticated request to audit verify is rejected","tests","2026-05-08","passed","2026-05-08","","test_audit_api","",""
"","1","Unknown port (9999) is not mentioned in narrative","tests","2026-05-08","passed","2026-05-08","TestExplain","test_scoring_explainer","",""
"","0","Classic high-risk ports (21, 23, 445, 3389, 6379) are in the list","tests","2026-05-08","passed","2026-05-08","","test_risk_engine","",""
"","1","JWT payload contains exp and iat claims","tests","2026-05-08","passed","2026-05-08","TestJWT","test_security_core","",""
"","1","JWT create and decode round-trip preserves subject and role","tests","2026-05-08","passed","2026-05-08","TestJWT","test_security_core","",""
"","1","xss- template prefix produces tags","tests","2026-05-08","passed","2026-05-08","TestTemplateIdPrefix","test_framework_tagger","",""
"","1","Severity lookup is case-insensitive","tests","2026-05-08","passed","2026-05-08","TestSeverityToDefaultVector","test_cvss","",""
"","0","No-impact vector produces score of 0.0","tests","2026-05-08","passed","2026-05-08","TestBaseScore","test_cvss","",""
"","0","test_parse_results_handles_empty_scan","tests","2026-05-08","passed","2026-05-08","","test_nmap_wrapper","",""
"","9","Protected routes reject unauthenticated requests with 401 or 403","tests","2026-05-08","passed","2026-05-08","","test_endpoints","",""
"","0","Out-of-scope URL raises ScopeViolation","tests","2026-05-08","passed","2026-05-08","TestAssertInScope","test_scope_guard","",""
"","5","Logout returns 204 No Content","tests","2026-05-08","passed","2026-05-08","","test_auth_flow","",""
"","16","Filter by severity returns only matching vulnerabilities","tests","2026-05-08","passed","2026-05-08","","test_vulnerabilities_api","",""
"","0","URL query string differences are ignored in fingerprint","tests","2026-05-08","passed","2026-05-08","TestFingerprint","test_finding_dedup","",""
"","0","String 'high' resolves to 30-day window","tests","2026-05-08","passed","2026-05-08","TestDueDateFor","test_sla","",""
"","27","Admin can delete a target and it no longer exists","tests","2026-05-08","passed","2026-05-08","","test_targets_api","",""
"","1","Band thresholds map scores to correct severity labels","tests","2026-05-08","passed","2026-05-08","TestBand","test_scoring_explainer","",""
"","0","Vector parsing is case-insensitive","tests","2026-05-08","passed","2026-05-08","TestParseVector","test_cvss","",""
"","17","List vulnerabilities returns a list","tests","2026-05-08","passed","2026-05-08","","test_vulnerabilities_api","",""
"","23","New vulnerability creates a new finding","tests","2026-05-08","passed","2026-05-08","TestDeduplicateScan","test_finding_dedup","",""
"","20","Filter by status=fixed returns only fixed findings","tests","2026-05-08","passed","2026-05-08","","test_findings_api","",""
"","20","Admin can update target name","tests","2026-05-08","passed","2026-05-08","","test_targets_api","",""
"","5","execute() is called exactly once per reap","tests","2026-05-08","passed","2026-05-08","","test_scan_reaper","",""
"","1","Different findings produce different hashes","tests","2026-05-08","passed","2026-05-08","TestCanonicalFindingsHash","test_report_signer","",""
"","0","Role claim is preserved exactly for all role types","tests","2026-05-08","passed","2026-05-08","TestJWT","test_security_core","",""
"","1","Hash is order-independent (sorted by id)","tests","2026-05-08","passed","2026-05-08","TestCanonicalFindingsHash","test_report_signer","",""
"","0","IP address inside CIDR range is in scope","tests","2026-05-08","passed","2026-05-08","TestCIDRScope","test_scope_guard","",""
"","22","Framework alias (owasp) resolves to canonical key","tests","2026-05-08","passed","2026-05-08","","test_findings_api","",""
"","23","Admin role can access stable dashboard routes","tests","2026-05-08","passed","2026-05-08","","test_dashboard_api","",""
"","20","Get target by ID returns the correct target","tests","2026-05-08","passed","2026-05-08","","test_targets_api","",""
"","0","XSS variants are recognised and tagged","tests","2026-05-08","passed","2026-05-08","TestKnownVulnerabilityTypes","test_framework_tagger","",""
"","8","All dashboard routes reject unauthenticated requests","tests","2026-05-08","passed","2026-05-08","","test_dashboard_api","",""
"","7","Viewer cannot create a target (403)","tests","2026-05-08","passed","2026-05-08","","test_targets_api","",""
"","25","Scans list returns paginated envelope with items and total","tests","2026-05-08","passed","2026-05-08","","test_endpoints","",""
"","15","Get meta for unknown report returns 404","tests","2026-05-08","passed","2026-05-08","","test_reports_api","",""
"","10","Admin creates a target successfully","tests","2026-05-08","passed","2026-05-08","","test_targets_api","",""
"","12","Risk overview returns a dict or list","tests","2026-05-08","passed","2026-05-08","","test_dashboard_api","",""
"","11","Viewer role can access stable dashboard routes","tests","2026-05-08","passed","2026-05-08","","test_dashboard_api","",""
"","1","Empty URL string returns False without raising","tests","2026-05-08","passed","2026-05-08","TestScopeGuardEdgeCases","test_scope_guard","",""
"","330","Login with wrong password returns 401","tests","2026-05-08","passed","2026-05-08","","test_auth_flow","",""
"","1","Empty dict round-trips correctly","tests","2026-05-08","passed","2026-05-08","TestCryptoWithKey","test_crypto","",""
"","1","Known severity levels return valid CVSS 3.1 vectors","tests","2026-05-08","passed","2026-05-08","TestSeverityToDefaultVector","test_cvss","",""
"","14","Analyst can list vulnerabilities","tests","2026-05-08","passed","2026-05-08","","test_vulnerabilities_api","",""
"","33","Filter by scan_id returns findings linked to that scan","tests","2026-05-08","passed","2026-05-08","","test_findings_api","",""
"","0","Multiple allowlist entries each match correctly","tests","2026-05-08","passed","2026-05-08","TestIsInScope","test_scope_guard","",""
"","38","Pagination limit is respected in target list","tests","2026-05-08","passed","2026-05-08","","test_targets_api","",""
"","1","test_parse_results_attaches_mac_vendor_when_present","tests","2026-05-08","passed","2026-05-08","","test_nmap_wrapper","",""
"","8","Protected routes reject unauthenticated requests with 401 or 403","tests","2026-05-08","passed","2026-05-08","","test_endpoints","",""
"","2","Empty database returns zero breach count","tests","2026-05-08","passed","2026-05-08","TestCheckAndActionBreaches","test_sla","",""
"","0","decrypt_json(None) returns None","tests","2026-05-08","passed","2026-05-08","TestCryptoWithKey","test_crypto","",""
"","180","Get report meta after generation returns correct report_id and scan_id","tests","2026-05-08","passed","2026-05-08","","test_reports_api","",""
"","14","Verify unknown report returns 404","tests","2026-05-08","passed","2026-05-08","","test_reports_api","",""
"","25","limit parameter restricts the number of items returned","tests","2026-05-08","passed","2026-05-08","","test_findings_api","",""
"","1","Different keys produce different signatures","tests","2026-05-08","passed","2026-05-08","TestSignPdf","test_report_signer","",""
"","0","All-None inputs produce a valid fingerprint without raising","tests","2026-05-08","passed","2026-05-08","TestFingerprint","test_finding_dedup","",""
"","11","Vulnerability gets finding_id linked after deduplication","tests","2026-05-08","passed","2026-05-08","TestDeduplicateScan","test_finding_dedup","",""
"","0","Info vector produces a score of 0.0","tests","2026-05-08","passed","2026-05-08","TestSeverityToDefaultVector","test_cvss","",""
"","1","Risk score calculation across empty, single, and capped scenarios","tests","2026-05-08","passed","2026-05-08","","test_risk","",""
"","7","All dashboard routes reject unauthenticated requests","tests","2026-05-08","passed","2026-05-08","","test_dashboard_api","",""
"","0","Environmental metric keys default to X when absent","tests","2026-05-08","passed","2026-05-08","TestParseVector","test_cvss","",""
"With empty GEMINI_API_KEY, agent should fall back rather than crash.","1","test_intelligence_agent_init_without_api_key","tests","2026-05-08","passed","2026-05-08","","test_agents","",""
"","1","Unknown severity falls back to low-severity vector","tests","2026-05-08","passed","2026-05-08","TestSeverityToDefaultVector","test_cvss","",""
"","27","Filter by status=open returns only open findings","tests","2026-05-08","passed","2026-05-08","","test_findings_api","",""
"","232","Analyst role can generate a report","tests","2026-05-08","passed","2026-05-08","","test_reports_api","",""
"","4","Found orphan scans returns the correct count","tests","2026-05-08","passed","2026-05-08","","test_scan_reaper","",""
"","1667","Same plaintext produces different hashes (bcrypt salt)","tests","2026-05-08","passed","2026-05-08","","test_auth","",""
"","4","List targets requires authentication","tests","2026-05-08","passed","2026-05-08","","test_targets_api","",""
"","1","test_parse_results_extracts_ports_and_services","tests","2026-05-08","passed","2026-05-08","","test_nmap_wrapper","",""
"","15","Authenticated admin gets an empty targets list","tests","2026-05-08","passed","2026-05-08","","test_endpoints","",""
"","1","SQL injection variants are recognised and tagged","tests","2026-05-08","passed","2026-05-08","TestKnownVulnerabilityTypes","test_framework_tagger","",""
"","0","In-scope URL passes silently","tests","2026-05-08","passed","2026-05-08","TestAssertInScope","test_scope_guard","",""
"","0","Maximum score vector produces 10.0","tests","2026-05-08","passed","2026-05-08","TestBaseScore","test_cvss","",""
"","1","Fingerprint is a 64-character lowercase hex string","tests","2026-05-08","passed","2026-05-08","TestFingerprint","test_finding_dedup","",""
"","1","environmental_score accepts a pre-parsed dict","tests","2026-05-08","passed","2026-05-08","TestEnvironmentalScore","test_cvss","",""
"","7","Bulk update requires authentication","tests","2026-05-08","passed","2026-05-08","","test_vulnerabilities_api","",""
"Trigger a scan and ensure it returns a valid ID","0","test_trigger_scan","tests","2026-05-08","skipped","2026-05-08","","test_e2e_scans","",""
"","14","Filter by scan_id returns only that scan's vulnerabilities","tests","2026-05-08","passed","2026-05-08","","test_vulnerabilities_api","",""
"","1","No signing key configured returns empty string","tests","2026-05-08","passed","2026-05-08","TestSignPdf","test_report_signer","",""
"","11","Unauthenticated request to findings list is rejected","tests","2026-05-08","passed","2026-05-08","","test_findings_api","",""
"","0","Band thresholds map scores to correct severity labels","tests","2026-05-08","passed","2026-05-08","TestBand","test_scoring_explainer","",""
"","1","SSRF type is recognised and tagged","tests","2026-05-08","passed","2026-05-08","TestKnownVulnerabilityTypes","test_framework_tagger","",""
"","0","INFO findings have no due date (returns None)","tests","2026-05-08","passed","2026-05-08","TestDueDateFor","test_sla","",""
"","2","Finding with no due_date is not actioned","tests","2026-05-08","passed","2026-05-08","TestCheckAndActionBreaches","test_sla","",""
"","25","Legacy GET with unknown scan_id returns 404","tests","2026-05-08","passed","2026-05-08","","test_reports_api","",""
"","1","XSS variants are recognised and tagged","tests","2026-05-08","passed","2026-05-08","TestKnownVulnerabilityTypes","test_framework_tagger","",""
"","1","Subdomain of allowed host is in scope","tests","2026-05-08","passed","2026-05-08","TestIsInScope","test_scope_guard","",""
"","0","explain() band thresholds match expected labels","tests","2026-05-08","passed","2026-05-08","","test_risk_engine","",""
"","1","Mixed hostname and CIDR allowlist works correctly","tests","2026-05-08","passed","2026-05-08","TestCIDRScope","test_scope_guard","",""
"","0","Full CVSS:3.1 prefix is stripped during parsing","tests","2026-05-08","passed","2026-05-08","TestParseVector","test_cvss","",""
"","1","URL without scheme returns a bool without raising","tests","2026-05-08","passed","2026-05-08","TestScopeGuardEdgeCases","test_scope_guard","",""
"","0","All factors combined produce a valid narrative","tests","2026-05-08","passed","2026-05-08","TestExplain","test_scoring_explainer","",""
"","35","Viewer role can access stable dashboard routes","tests","2026-05-08","passed","2026-05-08","","test_dashboard_api","",""
"","0","High attack complexity lowers score compared to low complexity","tests","2026-05-08","passed","2026-05-08","TestBaseScore","test_cvss","",""
"","0","Empty stored signature returns False","tests","2026-05-08","passed","2026-05-08","TestVerifySignature","test_report_signer","",""
"","17","Analyst role can access stable dashboard routes","tests","2026-05-08","passed","2026-05-08","","test_dashboard_api","",""
"","22","Admin can change another user's role","tests","2026-05-08","passed","2026-05-08","","test_rbac","",""
"","0","Unknown vuln_type returns empty dict","tests","2026-05-08","passed","2026-05-08","TestUnknownInputs","test_framework_tagger","",""
"","22","Dashboard summary is accessible after a scan is created","tests","2026-05-08","passed","2026-05-08","","test_dashboard_api","",""
"","2","/32 CIDR matches exactly one IP","tests","2026-05-08","passed","2026-05-08","TestCIDRScope","test_scope_guard","",""
"","0","Score is rounded to one decimal place","tests","2026-05-08","passed","2026-05-08","TestBaseScore","test_cvss","",""
"","21","Duplicate base URL is rejected with 400","tests","2026-05-08","passed","2026-05-08","","test_targets_api","",""
"","0","High-severity vector produces 9.8","tests","2026-05-08","passed","2026-05-08","TestBaseScore","test_cvss","",""
"","7","verify report requires authentication","tests","2026-05-08","passed","2026-05-08","","test_reports_api","",""
"","15","Viewer cannot create a new user (403)","tests","2026-05-08","passed","2026-05-08","","test_rbac","",""
"","26","Analyst role can access stable dashboard routes","tests","2026-05-08","passed","2026-05-08","","test_dashboard_api","",""
"","1","Both query string and fragment are stripped","tests","2026-05-08","passed","2026-05-08","TestNormaliseUrl","test_finding_dedup","",""
"","8","Protected routes reject unauthenticated requests with 401 or 403","tests","2026-05-08","passed","2026-05-08","","test_endpoints","",""
"","4","test_broadcast_event_seq_is_monotonic","tests","2026-05-08","passed","2026-05-08","","test_websocket","",""
"","15","Multiple distinct vulnerabilities each create a separate finding","tests","2026-05-08","passed","2026-05-08","TestDeduplicateScan","test_finding_dedup","",""
"","19","Valid hash chain returns valid=True with correct chain_length","tests","2026-05-08","passed","2026-05-08","","test_audit_api","",""
"","15","Filter by environment type returns a list","tests","2026-05-08","passed","2026-05-08","","test_vulnerabilities_api","",""
"","1","Narrative contains the numeric score","tests","2026-05-08","passed","2026-05-08","TestExplain","test_scoring_explainer","",""
"","5","None rowcount is treated as zero","tests","2026-05-08","passed","2026-05-08","","test_scan_reaper","",""
"","7","Running breach check twice does not create duplicate action items","tests","2026-05-08","passed","2026-05-08","TestCheckAndActionBreaches","test_sla","",""
"","1","Moderate CVSS score (<9.0) is not highlighted","tests","2026-05-08","passed","2026-05-08","TestExplain","test_scoring_explainer","",""
"","18","KPI snapshot endpoint returns a dict object","tests","2026-05-08","passed","2026-05-08","","test_dashboard_api","",""
"","0","Unknown category returns empty dict","tests","2026-05-08","passed","2026-05-08","TestCategoryOverride","test_framework_tagger","",""
"","822","Correct password verifies successfully","tests","2026-05-08","passed","2026-05-08","TestPasswordHashing","test_security_core","",""
"","0","Empty guard rejects all URLs","tests","2026-05-08","passed","2026-05-08","TestScopeGuardConstruction","test_scope_guard","",""
"","10","Unknown scan_id returns 404","tests","2026-05-08","passed","2026-05-08","","test_audit_api","",""
"","1","Different subjects produce different tokens","tests","2026-05-08","passed","2026-05-08","TestJWT","test_security_core","",""
"","412","Hash is not stored as plaintext","tests","2026-05-08","passed","2026-05-08","TestPasswordHashing","test_security_core","",""
"","52","offset parameter skips the correct number of items","tests","2026-05-08","passed","2026-05-08","","test_findings_api","",""
"","1","Alias resolves to the same tags as its canonical form","tests","2026-05-08","passed","2026-05-08","TestAliasNormalisation","test_framework_tagger","",""
"","11","Analyst role can access stable dashboard routes","tests","2026-05-08","passed","2026-05-08","","test_dashboard_api","",""
"","1","test_wazuh_integration_imports","tests","2026-05-08","passed","2026-05-08","","test_siem_integration","",""
"","0","Empty bytes input still produces valid signature","tests","2026-05-08","passed","2026-05-08","TestSignPdf","test_report_signer","",""
"","0","Internal exposure lowers score compared to external","tests","2026-05-08","passed","2026-05-08","TestEnvironmentalScore","test_cvss","",""
"","15","Admin can bulk update remediation text","tests","2026-05-08","passed","2026-05-08","","test_vulnerabilities_api","",""
"","2","Base URL with port correctly derives the host","tests","2026-05-08","passed","2026-05-08","TestScopeGuardEdgeCases","test_scope_guard","",""
"","0","LOW findings are due in 180 days","tests","2026-05-08","passed","2026-05-08","TestDueDateFor","test_sla","",""
"","6","Create target requires authentication","tests","2026-05-08","passed","2026-05-08","","test_targets_api","",""
"","0","MEDIUM findings are due in 90 days","tests","2026-05-08","passed","2026-05-08","TestDueDateFor","test_sla","",""
"","0","Alias resolves to the same tags as its canonical form","tests","2026-05-08","passed","2026-05-08","TestAliasNormalisation","test_framework_tagger","",""
"","0","SQL injection variants are recognised and tagged","tests","2026-05-08","passed","2026-05-08","TestKnownVulnerabilityTypes","test_framework_tagger","",""
"","3","FIXED findings are not actioned even if overdue","tests","2026-05-08","passed","2026-05-08","TestCheckAndActionBreaches","test_sla","",""
"","1","Missing base metrics are filled with defaults","tests","2026-05-08","passed","2026-05-08","TestParseVector","test_cvss","",""
"","0","sign_pdf returns a 64-char hex string","tests","2026-05-08","passed","2026-05-08","TestSignPdf","test_report_signer","",""
"","23","Summary accepts scan_id query parameter","tests","2026-05-08","passed","2026-05-08","","test_dashboard_api","",""
"","11","Admin role can access stable dashboard routes","tests","2026-05-08","passed","2026-05-08","","test_dashboard_api","",""
"","3","High severity count is mentioned in narrative","tests","2026-05-08","passed","2026-05-08","TestExplain","test_scoring_explainer","",""
"","9","Ghost IDs are returned in not_found list","tests","2026-05-08","passed","2026-05-08","","test_vulnerabilities_api","",""
"","0","Tampered JWT token is rejected","tests","2026-05-08","passed","2026-05-08","","test_auth","",""
"","7","Analyst cannot create a target (403)","tests","2026-05-08","passed","2026-05-08","","test_targets_api","",""
"","8","download PDF requires authentication","tests","2026-05-08","passed","2026-05-08","","test_reports_api","",""
"","1135","Hash and verify password round-trip","tests","2026-05-08","passed","2026-05-08","","test_auth","",""
"","1","Exact hostname match is in scope","tests","2026-05-08","passed","2026-05-08","TestIsInScope","test_scope_guard","",""
"","380","Generate report returns metadata with report_id, findings_hash, and scan_id","tests","2026-05-08","passed","2026-05-08","","test_reports_api","",""
"","1","Alias resolves to the same tags as its canonical form","tests","2026-05-08","passed","2026-05-08","TestAliasNormalisation","test_framework_tagger","",""
"","0","Empty strings return empty dict","tests","2026-05-08","passed","2026-05-08","TestUnknownInputs","test_framework_tagger","",""
"","17","Invalid status value returns 422 Unprocessable Entity","tests","2026-05-08","passed","2026-05-08","","test_findings_api","",""
"The main scan entry-point must be a registered Celery task.","20","test_run_ai_scan_is_registered","tests","2026-05-08","passed","2026-05-08","","test_scan_tasks","",""
"","0","Changed scope increases or maintains score vs unchanged scope","tests","2026-05-08","passed","2026-05-08","TestBaseScore","test_cvss","",""
"","1","LFI type is recognised and tagged","tests","2026-05-08","passed","2026-05-08","TestKnownVulnerabilityTypes","test_framework_tagger","",""
"","0","XSS variants are recognised and tagged","tests","2026-05-08","passed","2026-05-08","TestKnownVulnerabilityTypes","test_framework_tagger","",""
"","0","base_score accepts a string vector as input","tests","2026-05-08","passed","2026-05-08","TestBaseScore","test_cvss","",""
"","4","No orphan scans found returns zero","tests","2026-05-08","passed","2026-05-08","","test_scan_reaper","",""
"","16","Analyst can bulk update vulnerability status","tests","2026-05-08","passed","2026-05-08","","test_vulnerabilities_api","",""
"","1","Band thresholds map scores to correct severity labels","tests","2026-05-08","passed","2026-05-08","TestBand","test_scoring_explainer","",""
"Verify telnet and SMB carry the expected deduction weights.","2","test_high_risk_port_weights","tests","2026-05-08","passed","2026-05-08","","test_risk_engine_manual","",""
"","8","Delete non-existent target returns 404","tests","2026-05-08","passed","2026-05-08","","test_targets_api","",""
"","17","Viewer role can access stable dashboard routes","tests","2026-05-08","passed","2026-05-08","","test_dashboard_api","",""
"","0","Environmental score stays within 0.0–10.0 range","tests","2026-05-08","passed","2026-05-08","TestEnvironmentalScore","test_cvss","",""
"","0","Critical asset value raises score compared to medium","tests","2026-05-08","passed","2026-05-08","TestEnvironmentalScore","test_cvss","",""
"","22","KPI snapshot accepts scan_id query parameter","tests","2026-05-08","passed","2026-05-08","","test_dashboard_api","",""
"Query string + fragment must not affect the fingerprint.","0","test_finding_dedup_normalises_url","tests","2026-05-08","passed","2026-05-08","","test_agents","",""
"","1","Different host is blocked","tests","2026-05-08","passed","2026-05-08","TestIsInScope","test_scope_guard","",""
"","0","template_id takes precedence over description for fingerprinting","tests","2026-05-08","passed","2026-05-08","TestFingerprint","test_finding_dedup","",""
"","2","test_validation_probe_imports","tests","2026-05-08","passed","2026-05-08","","test_agents","",""
"","1","Low asset criticality is not mentioned in narrative","tests","2026-05-08","passed","2026-05-08","TestExplain","test_scoring_explainer","",""
"","0","Garbage ciphertext returns None instead of raising","tests","2026-05-08","passed","2026-05-08","TestCryptoWithKey","test_crypto","",""
"","1","RCE type is recognised and tagged","tests","2026-05-08","passed","2026-05-08","TestKnownVulnerabilityTypes","test_framework_tagger","",""
"","1","ScopeViolation message includes the blocked URL","tests","2026-05-08","passed","2026-05-08","TestAssertInScope","test_scope_guard","",""
"","0","Band thresholds map scores to correct severity labels","tests","2026-05-08","passed","2026-05-08","TestBand","test_scoring_explainer","",""
"","1","Band thresholds map scores to correct severity labels","tests","2026-05-08","passed","2026-05-08","TestBand","test_scoring_explainer","",""
"","18","Protected routes reject unauthenticated requests with 401 or 403","tests","2026-05-08","passed","2026-05-08","","test_endpoints","",""
"","1","Different vuln types produce different fingerprints","tests","2026-05-08","passed","2026-05-08","TestFingerprint","test_finding_dedup","",""
